variante,hilos,tiempo,cycles,instructions,cache_misses
reduction,1,0.861991,19043681927,28774652556,34293022
reduction,2,0.604329,22495192435,28774453111,34582623
reduction,4,0.727077,26808529198,28788725020,35659411
reduction,8,0.965595,26746934252,28808307879,40025828
reduction,16,0.529884,26934853166,28783725956,35082891
