variante,hilos,tiempo,cycles,instructions,cache_misses
mutex,1,1.86231,18170417994,44228978047,3287600
mutex,2,5.06533,35190334025,50258343126,34916029
mutex,4,12.2623,154534260362,95455633119,326482926
mutex,8,16.5327,247762638007,124145947665,571053143
mutex,16,20.3396,684504884162,202182296350,1257569072
