variante,hilos,tiempo,cycles,instructions,cache_misses
reduction,1,0.464391,12758992694,29128561573,3746467
reduction,2,0.234572,12290775065,29111563562,4346679
reduction,4,0.18924,12406926062,29123012491,4566580
reduction,8,0.102279,13366126178,29143971029,5161096
reduction,16,0.0828119,19614036698,29206421626,5774271
