variante,hilos,tiempo,cycles,instructions,cache_misses
mutex,1,1.85529,17346161292,43505048698,3060600
mutex,2,4.48554,33533817742,48881662333,30436674
mutex,4,9.02736,100982909159,74921539534,207039674
mutex,8,16.2369,307983815203,142247677871,699578095
mutex,16,23.5814,963321400696,235868336840,1775376146
